id;description;status;when_created
1;Small;INACTIVE;2019-10-16T17:30:26
2;Bridge;ACTIVE;2019-10-16T15:01:45
3;e-business Light;ACTIVE;2019-10-16T19:09:10
4;Gorgeous Cotton Chair Personal Loan Account Borders;DRAFT;2019-10-16T11:44:30
5;Solutions COM;ACTIVE;2019-10-17T01:04:44
6;deposit Station;ACTIVE;2019-10-16T14:42:17
7;invoice teal analyzing;DRAFT;2019-10-17T09:57:27
8;Generic;DRAFT;2019-10-16T18:02:11
9;wireless;INACTIVE;2019-10-17T07:33:32
10;Rupiah Personal Loan Account HTTP;INACTIVE;2019-10-17T00:13:54
