id;file_name;extension;file_content;file_content_content_type;file_id;when_created
1;Kiribati;cyan innovative;../fake-data/blob/hipster.png;image/png;50341;2019-10-17T02:28:21
2;alliance Licensed Plaza;Sleek GB Regional;../fake-data/blob/hipster.png;image/png;6107;2019-10-17T10:19:57
3;SAS;quantify;../fake-data/blob/hipster.png;image/png;18452;2019-10-16T10:43:30
4;Guyana;Bedfordshire Auto Loan Account back-end;../fake-data/blob/hipster.png;image/png;46253;2019-10-16T17:06:10
5;Small Wooden Ball Metal Bond Markets Units European Composite Unit (EURCO);Buckinghamshire Antarctica (the territory South of 60 deg S) Refined;../fake-data/blob/hipster.png;image/png;44741;2019-10-17T01:53:44
6;enhance Gorgeous;leverage Toys software;../fake-data/blob/hipster.png;image/png;21144;2019-10-17T08:15:14
7;Brazil;National;../fake-data/blob/hipster.png;image/png;59359;2019-10-16T23:01:11
8;impactful withdrawal Club;Russian Federation Nevada;../fake-data/blob/hipster.png;image/png;74543;2019-10-16T20:19:05
9;Connecticut empower;customized payment;../fake-data/blob/hipster.png;image/png;57077;2019-10-17T04:31:50
10;Cambridgeshire methodology;Adaptive Intelligent Pants;../fake-data/blob/hipster.png;image/png;24595;2019-10-16T22:41:15
