id;relationship_to_you;status;status_tlm;when_created
1;calculating Metal array;ACTIVE;2019-10-16T14:57:08;2019-10-17T04:14:45
2;Personal Loan Account Sleek Beauty;DRAFT;2019-10-16T17:32:52;2019-10-17T00:52:20
3;Unbranded Fresh Pants Tools California;DRAFT;2019-10-16T23:13:14;2019-10-17T06:40:26
4;Specialist generating;DRAFT;2019-10-17T07:20:43;2019-10-17T02:33:19
5;synthesizing composite;ACTIVE;2019-10-16T21:25:11;2019-10-16T17:36:24
6;Metal Frozen;ACTIVE;2019-10-17T03:53:42;2019-10-16T23:59:25
7;bypass Ameliorated;INACTIVE;2019-10-16T14:19:53;2019-10-17T00:06:55
8;Som Rustic Frozen Keyboard ROI;DRAFT;2019-10-16T17:14:41;2019-10-17T06:00:22
9;Response invoice;ACTIVE;2019-10-16T19:42:49;2019-10-16T16:52:27
10;Gorgeous Rubber Pants Cheese;DRAFT;2019-10-17T07:36:33;2019-10-17T08:11:30
